{
  "Total" : {
    "transaction" : "Total",
    "sampleCount" : 70973,
    "errorCount" : 70809,
    "errorPct" : 99.76893,
    "meanResTime" : 0.738886618855044,
    "medianResTime" : 0.0,
    "minResTime" : 0.0,
    "maxResTime" : 1026.0,
    "pct1ResTime" : 1.0,
    "pct2ResTime" : 1.0,
    "pct3ResTime" : 2.0,
    "throughput" : 1187.6934919758355,
    "receivedKBytesPerSec" : 3659.4724748512726,
    "sentKBytesPerSec" : 0.35645667034824374
  },
  "GET /api/config" : {
    "transaction" : "GET /api/config",
    "sampleCount" : 70973,
    "errorCount" : 70809,
    "errorPct" : 99.76893,
    "meanResTime" : 0.738886618855044,
    "medianResTime" : 0.0,
    "minResTime" : 0.0,
    "maxResTime" : 1026.0,
    "pct1ResTime" : 1.0,
    "pct2ResTime" : 1.0,
    "pct3ResTime" : 2.0,
    "throughput" : 1187.6934919758355,
    "receivedKBytesPerSec" : 3659.4724748512726,
    "sentKBytesPerSec" : 0.35645667034824374
  }
}